"level","created","updated","url","user","id","group","tags","quote","text","relay link","direct link"
"0","2023-04-24T15:19:12","2023-04-24T15:21:56","https://clientes.programando.li/ibero/chernobil/chernobil.pdf","Janneke_Adema","Xh7H6uKzEe2Kbw-oio89UQ","__world__",,"12Fragment 1","https://ecologicalrewritings.pubpub.org/pub/mpwpmwqb#n5h6dvd2b05","https://hyp.is/Xh7H6uKzEe2Kbw-oio89UQ","https://clientes.programando.li/ibero/chernobil/chernobil.pdf#annotations:Xh7H6uKzEe2Kbw-oio89UQ"
"0","2021-11-11T00:45:57","2021-11-17T23:00:38","https://clientes.programando.li/ibero/chernobil/chernobil.pdf","diegue_frege","u_WhgEKIEeyb4CORUVjH3Q","__world__",,"without as much as depicting violence qua vio-lence,","¿Qué caracteriza a la violencia? ¿Por qué estas imágenes representarían cierta violencia, y quién sería el perpetrador de tal violencia? ¿Solo el ser humano puede efectuar violencia, o existen otros casos en la naturaleza donde se da comportamiento violento? ¿Es el sufrimiento un buen criterio para determinar la violencia? ¿Debe haber agentes involucrados? Creo que estas preguntas son fundamentales para elaborar respecto a la extinción, pues queda abierta la pregunta de tal evento entra como un acontecimiento violento.","https://hyp.is/u_WhgEKIEeyb4CORUVjH3Q","https://clientes.programando.li/ibero/chernobil/chernobil.pdf#annotations:u_WhgEKIEeyb4CORUVjH3Q"
"0","2021-11-11T01:33:47","2021-11-11T01:33:47","https://clientes.programando.li/ibero/chernobil/chernobil.pdf","juanp","anUy2EKPEeyc0jfpRGTH-Q","__world__",,"On a darker side, and similar to other neighboring towns (or, in Yiddish, the shtetls), it was the site of horrific pogroms that decimated the Jewish population. During the civil war, many of Chernobyl’s Jews were burnt alive by the Cossacks in a local synagogue.17 Under the German occupation that began in 1941, the surviving Jewish residents of Chernobyl were shot en masse right at the cemetery, where their ancestors were buried and where, on the site of their collective grave, a nondescript tombstone commemorating the atrocities was erected after the war. Symbolically, therefore, Chernobyl names a catastrophe before catastrophe, the one overlaying and overwriting the other. That “other Chernobyl” is, to this day, hidden, buried, forgotten, now also under piles of radioactive debris.","The falling apart and the fallout of the already incomplete. (p.70)","https://hyp.is/anUy2EKPEeyc0jfpRGTH-Q","https://clientes.programando.li/ibero/chernobil/chernobil.pdf#annotations:anUy2EKPEeyc0jfpRGTH-Q"
"0","2021-11-11T01:13:50","2021-11-11T01:19:29","https://clientes.programando.li/ibero/chernobil/chernobil.pdf","juanp","oMx1VkKMEeyw2fNQ4w2CAQ","__world__",," vast majority of those who lived through it took cognizance of what had transpired only after the event, in a way strikingly analogous to how the complex of occurrences that goes under the name “Chernobyl” was existentially interpreted, après coup.","Igual que la radiación y sus efectos, las implicaciones de sentido se notaron después de notar el acontecimiento. ¿Qué tanto afecta la búsqueda de una explicación de significado en un sentido técnico?","https://hyp.is/oMx1VkKMEeyw2fNQ4w2CAQ","https://clientes.programando.li/ibero/chernobil/chernobil.pdf#annotations:oMx1VkKMEeyw2fNQ4w2CAQ"
"0","2021-11-11T01:18:13","2021-11-11T01:18:13","https://clientes.programando.li/ibero/chernobil/chernobil.pdf","inespas","PgiHBkKNEey-P5v0tKuzWw","__world__",,"What about other kinds of exposure—for instance, that of photographs to light or of photograms to baths of chemicals that add unique visual effects?","Quizás podemos pensar en la *exposición* como una dinámica de relaciones, en vez de pensar que algo *se expone* a otra cosa y ya.","https://hyp.is/PgiHBkKNEey-P5v0tKuzWw","https://clientes.programando.li/ibero/chernobil/chernobil.pdf#annotations:PgiHBkKNEey-P5v0tKuzWw"
"0","2021-11-11T01:13:59","2021-11-11T01:13:59","https://clientes.programando.li/ibero/chernobil/chernobil.pdf","alexscopelli","pieKSkKMEeyPZ3u5RMfpiA","__world__",,"Unperceivable and unannounced, the event of Chernobyl with its wide repercussions was, right after it happened, indistinguishable from the course of everyday life. The state of exception it provoked was not exceptional, from the standpoint of whoever lived through it. Everything was changed unnoticed and unnoted, at least initially.","*Die unheimlich* después del accidente, de la supuesta ""crisis"". Las estructuras arcaicas colapsan y, al menos al principio, nada cambia. Pareciera que están ya caducas y, a pesar de ello, lo una ves habitable se vuelve inhabitable. Grandes estructura y grandes narrativas, ya no podemos tomarlas tan seriamente, pero no podemos ignorar el eventual estruendo de cuando caen.","https://hyp.is/pieKSkKMEeyPZ3u5RMfpiA","https://clientes.programando.li/ibero/chernobil/chernobil.pdf#annotations:pieKSkKMEeyPZ3u5RMfpiA"
"0","2021-11-11T01:13:38","2021-11-11T01:13:38","https://clientes.programando.li/ibero/chernobil/chernobil.pdf","inespas","mar0PEKMEeyjL-NQbAZN7A","__world__",,"heir exposure to the world is of one piece with learning from the world and giving plenty of things back to it. Only our, human, expo-sure betokens pure vulnerability, passivity, helplessness","Aquí, podemos ver que se están utilizando dos significados de la *exposición*: una en referencia a la radiación, y otra en este sentido de la exposición de las plantas al mundo","https://hyp.is/mar0PEKMEeyjL-NQbAZN7A","https://clientes.programando.li/ibero/chernobil/chernobil.pdf#annotations:mar0PEKMEeyjL-NQbAZN7A"
"0","2021-11-11T01:11:10","2021-11-11T01:11:10","https://clientes.programando.li/ibero/chernobil/chernobil.pdf","JimenaBalcazar","QWjeakKMEeyG5E-euPFmsg","__world__",,"all that seemed to be exactly the same as yesterday, in spite of being radically transformed. It is when things are in the clear, at their most obvious and mundane, that they are totally obscure, relegated to the dark by our own sense of obviousness and absolute clarity. ","¿Qué ocurre en el momento en el que lo familiar se convierte en lo más profundamente extraño, en lo más ajeno?, ¿Es que acaso alguna vez podremos suponer un conocimiento profundo de aquello que consideramos como mundano? ","https://hyp.is/QWjeakKMEeyG5E-euPFmsg","https://clientes.programando.li/ibero/chernobil/chernobil.pdf#annotations:QWjeakKMEeyG5E-euPFmsg"
"0","2021-11-11T01:09:00","2021-11-11T01:09:00","https://clientes.programando.li/ibero/chernobil/chernobil.pdf","juanp","89_8-kKLEey-uitbnULkUw","__world__",,"If practical conscious-ness lets us move quite effortlessly in our physical milieu, then the collapse of our imme-diate environment necessarily results in the detonation of consciousness. That is when thinking really begins.","¿Qué relación hay entre el ambiente físico y el pensamiento que surge de este? ¿qué pasa con el pensamiento y la conciencia cuando lo que nos rodea se ve amenazado de una forma invisible?","https://hyp.is/89_8-kKLEey-uitbnULkUw","https://clientes.programando.li/ibero/chernobil/chernobil.pdf#annotations:89_8-kKLEey-uitbnULkUw"
"0","2021-11-11T01:07:09","2021-11-11T01:07:09","https://clientes.programando.li/ibero/chernobil/chernobil.pdf","IsabelRosiles","sjD5-EKLEeyG3EMhP3-MIA","__world__",,,"El curso de la extinción también se ve reflejado en Anapa-Chernobyl pues el estado de guerra más allá de situar a la civilización como víctima, la ubica desde el contexto tanto físico como psíquico del desarrollo técnico.","https://hyp.is/sjD5-EKLEeyG3EMhP3-MIA","https://clientes.programando.li/ibero/chernobil/chernobil.pdf#annotations:sjD5-EKLEeyG3EMhP3-MIA"
"0","2021-11-11T01:05:24","2021-11-11T01:05:24","https://clientes.programando.li/ibero/chernobil/chernobil.pdf","juanp","c0tE3EKLEeyp9R-r06Lxxw","__world__",,"ts ultimate casualty was the future of human dwelling in what we succinctly term our natural environment: in the midst of the elements of air and water, the earth and solar fire; with plants and animals; in proximity to forests and rivers, such as Pripyat’.","El fin del sentido que hemos dado al mundo (Toadvine)","https://hyp.is/c0tE3EKLEeyp9R-r06Lxxw","https://clientes.programando.li/ibero/chernobil/chernobil.pdf#annotations:c0tE3EKLEeyp9R-r06Lxxw"
"0","2021-11-11T01:05:21","2021-11-11T01:05:21","https://clientes.programando.li/ibero/chernobil/chernobil.pdf","Ceci.Murgua","cYbIfkKLEey3JkMRqCH_GA","__world__",,"uckily for me, it was located in the same building as the bakery, and I would make the inevitable detour to revisit books I had already leafed through and to look for fresh arrivals every time I was sent to buy bread.","Es interesante ver cómo el tiempo se presenta en este tipo de sucesos. Encuentro muy entristecedor cómo la vida tiene este tipo de momentos disruptivos en los que de un momento a otro parece que vivimos en otra dimensión. Se acaba un mundo y empieza otro.","https://hyp.is/cYbIfkKLEey3JkMRqCH_GA","https://clientes.programando.li/ibero/chernobil/chernobil.pdf#annotations:cYbIfkKLEey3JkMRqCH_GA"
"0","2021-11-11T01:04:56","2021-11-11T01:04:56","https://clientes.programando.li/ibero/chernobil/chernobil.pdf","JimenaBalcazar","YqQNMEKLEey13QOqLJSERQ","__world__",,"Usually, when philosophers and artists illuminate the extraordinary nature of ordinary phenomena, they do so by pointing out an unexpected conceptual or aesthetic angle on everyday, taken-for-granted things. ","Es posible comparar la labor filosófica --desde este postulado-- con la labor del fotógrafo: se captura un momento determinado, un cierto ángulo. Se trabaja desde una mirada que no engloba la totalidad, sino apenas un fragmento bien diseccionado. Se enfoca la mirada en lo cotidiano, pero desde su manipulación.","https://hyp.is/YqQNMEKLEey13QOqLJSERQ","https://clientes.programando.li/ibero/chernobil/chernobil.pdf#annotations:YqQNMEKLEey13QOqLJSERQ"
"0","2021-11-11T01:04:36","2021-11-11T01:04:36","https://clientes.programando.li/ibero/chernobil/chernobil.pdf","Ceci.Murgua","VoyPQEKLEeyIRJNywe0VDQ","__world__",,"Dressed in a traditional costume, I would represent Georgia at a carnival of Soviet multiculturalism, slated to take place on my birth-day, two days after the May 1 festivities. I agreed and was immediately issued an ankle long woolen Chokha (a typical outfit worn by men from the Caucasus Mountains), replete with the widest belt I’d ever seen, a fake sabre and an extra-warm headpiece. That is how I appeared and danced at the festival, when radiation levels in the atmosphere peaked, find-ing my outfit unbearably hot but probably receiving minimal radiation protection from it. ","Igual creo que este pasaje enseña el tiempo diferido de forma muy ilustrativa, ya que la radiación y el evento que perturbará estas vidas ya está ocurriendo, y sin embargo aún no se hace presente. Aún no los alcanza.","https://hyp.is/VoyPQEKLEeyIRJNywe0VDQ","https://clientes.programando.li/ibero/chernobil/chernobil.pdf#annotations:VoyPQEKLEeyIRJNywe0VDQ"
"0","2021-11-11T01:03:36","2021-11-11T01:03:36","https://clientes.programando.li/ibero/chernobil/chernobil.pdf","IsabelRosiles","MwvM1EKLEeyb8qOSE_lQOw","__world__",,,"El Sarcófago Reconocer la respuesta gubernamental de la Unión Soviética como algo igualmente catastrófico a Chernobyl apunta de forma muy clara la hegemonía presente dentro de la propia crisis. Esto solo es un síntoma de la extinción y de nuestro propio talante temporal en términos de finitud, en tanto que refleja el carácter técnico y el fondo inscrito en este","https://hyp.is/MwvM1EKLEeyb8qOSE_lQOw","https://clientes.programando.li/ibero/chernobil/chernobil.pdf#annotations:MwvM1EKLEeyb8qOSE_lQOw"
"0","2021-11-11T00:36:40","2021-11-11T01:02:55","https://clientes.programando.li/ibero/chernobil/chernobil.pdf","juanp","b60e0EKHEeyogP8goJ6k6A","__world__",,"But given that the “foundations” I rely upon include an explosion and an implosion, ","Fondo u origen que se conforman a partir de su propia contradicción. Un poco como el monstruo de Frankenstein. ","https://hyp.is/b60e0EKHEeyogP8goJ6k6A","https://clientes.programando.li/ibero/chernobil/chernobil.pdf#annotations:b60e0EKHEeyogP8goJ6k6A"
"0","2021-11-11T01:02:23","2021-11-11T01:02:23","https://clientes.programando.li/ibero/chernobil/chernobil.pdf","alexscopelli","B5o1uEKLEey4z28Zynydhw","__world__",,"But the impression that one can flee from the calamity that is our civilization is no less immature than the sunny ideology of progress itself. There are no escape valves. By train, I was speeding toward another, still greater catastrophe spawned by the same total system (I am not alluding to Soviet “totalitarianism” but to the pernicious ubiquity of an instru-mental handling of nature that undercuts life and prevails both in capitalist and socialist economic systems).","La ""huida"" o ""destrucción"" de la totalización no es de ninguna manera efectiva. Un pensamiento (o propuesta del pensamiento) ecológico es más que la simple ""negación"" de la revolución i.e. el borrón y cuenta nueva. Se trata de persistir mientras se crean interrupciones que permitan posibilidades.","https://hyp.is/B5o1uEKLEey4z28Zynydhw","https://clientes.programando.li/ibero/chernobil/chernobil.pdf#annotations:B5o1uEKLEey4z28Zynydhw"
"0","2021-11-11T00:59:43","2021-11-11T00:59:43","https://clientes.programando.li/ibero/chernobil/chernobil.pdf","JimenaBalcazar","qAlkjkKKEeyp7PdBpi091A","__world__",," naïve ideology of progress, as prevalent in the Soviet Union as it was in the West. And this means that my medically recommended escape had to do with the technological domination of the natural environment that made the world unbearable and ultimately unlivable.","""una ingenua idea de progreso"": un desarrollo científico que conduce a la devastación, a la destrucción de la posibilidad de vivir, de estar y de ser. ¿Cómo progresar sobreviviendo a la muerte?, ¿Después del progreso, quién queda?","https://hyp.is/qAlkjkKKEeyp7PdBpi091A","https://clientes.programando.li/ibero/chernobil/chernobil.pdf#annotations:qAlkjkKKEeyp7PdBpi091A"
"0","2021-11-11T00:41:10","2021-11-11T00:58:04","https://clientes.programando.li/ibero/chernobil/chernobil.pdf","diegue_frege","EMlQmkKIEeyqSIcx8FgDCg","__world__",,"he peregrinations of radioactive materi-als continue in us, as us. Chernobyl’s human survivors are the scraps of radiation’s after-life, which severely limits life expectancy as a consequence of external and, in many cases, ongoing internal exposures. ","Con este pasaje recordé una novela finlandesa en donde varias prostitutas que estuvieron expuestas a la radiación se omiten de decirle a los clientes su condición médica. Evidentemente, es peligroso para los clientes tener relaciones con estas mujeres, pero si las mujeres advierten de su situación, perderían su único ingreso. En el libro tener sexo con estas mujeres se homologa con ""meterle la berga a la muerte"".","https://hyp.is/EMlQmkKIEeyqSIcx8FgDCg","https://clientes.programando.li/ibero/chernobil/chernobil.pdf#annotations:EMlQmkKIEeyqSIcx8FgDCg"
"0","2021-11-11T00:57:22","2021-11-11T00:57:22","https://clientes.programando.li/ibero/chernobil/chernobil.pdf","JimenaBalcazar","U-7OwEKKEeyNYO8J3_IVQw","__world__",,"“depend-ing on the direction of the wind, we sensed either the smell of fumes that emanated from the industrial monstrosity or fresh air that drifted from the woods.”2","La frontera o la línea que divide los ""infiernos ambientales"" de los ""paraísos industriales"" ha dejado de ser clara desde hace tiempo: la huída de las grandes ciudades no significa una huída de la contaminación del aire... esta se prolonga, no se frena ni se limita a una determinada zona geográfica.","https://hyp.is/U-7OwEKKEeyNYO8J3_IVQw","https://clientes.programando.li/ibero/chernobil/chernobil.pdf#annotations:U-7OwEKKEeyNYO8J3_IVQw"
"0","2021-11-11T00:56:42","2021-11-11T00:56:42","https://clientes.programando.li/ibero/chernobil/chernobil.pdf","Ceci.Murgua","PEZcjkKKEeyt7Qd35N8zGw","__world__",,"Through the unique medium of photo-grams, Tondeur lets plants speak by spatially expressing themselves and the earth contami-nated with radionuclides. Lines of light do not illuminate—from the external, neutral, and disengaged position of the third—the obscure traces of what happened. They bring out the testimony of the plant and of the soil wherein it grew. ","El testimonio que pueden darnos, por ejemplo, las plantas o los fotogramas, son una nueva manera de traer a la consciencia un evento ocurrido. Es parecido a la propuesta de la ecología sin naturaleza que acepta el arte y la estética como otra manera de acercarse al problema, aceptando que el desafío puede ser más complicado y obscuro, y que tal vez solo el arte puede abrir nuevas formas de tratarlo.","https://hyp.is/PEZcjkKKEeyt7Qd35N8zGw","https://clientes.programando.li/ibero/chernobil/chernobil.pdf#annotations:PEZcjkKKEeyt7Qd35N8zGw"
"0","2021-11-11T00:56:23","2021-11-11T00:56:23","https://clientes.programando.li/ibero/chernobil/chernobil.pdf","inespas","MOSxVkKKEeyi9fdR0sYYsQ","__world__",," Yet, they are also more adaptable:","¿Aquí podemos hablar de la inteligencia de las plantas?","https://hyp.is/MOSxVkKKEeyi9fdR0sYYsQ","https://clientes.programando.li/ibero/chernobil/chernobil.pdf#annotations:MOSxVkKKEeyi9fdR0sYYsQ"
"0","2021-11-11T00:54:52","2021-11-11T00:54:52","https://clientes.programando.li/ibero/chernobil/chernobil.pdf","inespas","-pgbdEKJEey-KAclB7phyw","__world__",,"We were all plants then.","¿Por qué dejamos de serlo?","https://hyp.is/-pgbdEKJEey-KAclB7phyw","https://clientes.programando.li/ibero/chernobil/chernobil.pdf#annotations:-pgbdEKJEey-KAclB7phyw"
"0","2021-11-11T00:54:13","2021-11-11T00:54:13","https://clientes.programando.li/ibero/chernobil/chernobil.pdf","Ceci.Murgua","44eDtkKJEey7ixMYbDbskg","__world__",,"the birth of another consciousness...","Podemos reconocer que algunas experiencias son inarticulables dentro de los marcos de las palabras con las que contamos y de los sucesos a los que podríamos compararlos. Aceptarlos como inarticulables --soportando esa aporía-- podemos darles más sentido que forzándolos a ""aparecer"" dentro del lenguaje ya conocido.","https://hyp.is/44eDtkKJEey7ixMYbDbskg","https://clientes.programando.li/ibero/chernobil/chernobil.pdf#annotations:44eDtkKJEey7ixMYbDbskg"
"0","2021-11-11T00:53:55","2021-11-11T00:53:55","https://clientes.programando.li/ibero/chernobil/chernobil.pdf","inespas","2KwrfEKJEey2wLPRJ_dAgg","__world__",,"trans-human solidar-ity? ","Si algo como la exposición a la radiación nos podría convertir en *trans-humanos*, ¿qué pasa con la radiación de, por ejemplo, los celulares y los microondas? Cuál es el límite entre una exposición a la radiación *lo suficientemente grave que te convierta en algo que ya no es humano* y una exposición *inofensiva*?","https://hyp.is/2KwrfEKJEey2wLPRJ_dAgg","https://clientes.programando.li/ibero/chernobil/chernobil.pdf#annotations:2KwrfEKJEey2wLPRJ_dAgg"
"0","2021-11-11T00:51:34","2021-11-11T00:51:34","https://clientes.programando.li/ibero/chernobil/chernobil.pdf","SofiaVaca","hOBHikKJEeyf-uNH642Rww","__world__",,"Having initially grown as plants do, they have become something other than vegetation, namely the ruins of our civilization, ","En *Los pasajes* W. Benjamin sostiene que la historia de occidente desde el s. XVII es la acumulación de ruinas, parece ser las ruinas intactas (casi fósiles) de Chernobyl nos muestran, no solo los infiernos ambientales, sino que también una posible mirada a nuestro futuro.","https://hyp.is/hOBHikKJEeyf-uNH642Rww","https://clientes.programando.li/ibero/chernobil/chernobil.pdf#annotations:hOBHikKJEeyf-uNH642Rww"
"0","2021-11-11T00:50:07","2021-11-11T00:50:22","https://clientes.programando.li/ibero/chernobil/chernobil.pdf","inespas","UIiYokKJEeyyOb-jTbEIfw","__world__",," At the beach. In the city’s parks or promenades.","Cuando pensamos en algo radioactivo, quizás muchos no pensamos en escenas del *exterior*, como el parque y la playa. Esta reconsideración por lo radioactivo podría recordarnos que la división entre la naturaleza y los seres humanos no es una división que exista por sí misma, sino que la hemos posicionado nosotros.","https://hyp.is/UIiYokKJEeyyOb-jTbEIfw","https://clientes.programando.li/ibero/chernobil/chernobil.pdf#annotations:UIiYokKJEeyyOb-jTbEIfw"
"0","2021-11-11T00:47:41","2021-11-11T00:47:41","https://clientes.programando.li/ibero/chernobil/chernobil.pdf","alexscopelli","-ZvIcEKIEeyO9vMkKJaxcw","__world__",," The grammé of a photogram imposes itself from up close. Touching... It endures: etched, engraved, engrained, the energy it transported both reflected (or refracted) and absorbed. Much like radiation, indifferently imbibed by whatever and whoever is on its path—the soil, build-ings, plants, animals, humans—yet uncontainable in any single entity whose time-frame it invariably overflows. Through her aesthetic practice, Tondeur detonates, releases the explosions of light trapped in plants, its lines dispersed, crisscrossing photograms every which way.","El fotograma, el trazo de luz que se impone de la misma manera que la radiación (violentamente, aunque quizás es imposible evitar la violencia originaria..) se asemeja a la determinación moderna/antropológica de la técnica, misma que vio nacer el uso de la energía nuclear. El fotograma es la pro-vocación del trazo de luz, la imposición de una nueva escala temporal en la reflexión luminosa del papel.","https://hyp.is/-ZvIcEKIEeyO9vMkKJaxcw","https://clientes.programando.li/ibero/chernobil/chernobil.pdf#annotations:-ZvIcEKIEeyO9vMkKJaxcw"
"0","2021-11-11T00:47:22","2021-11-11T00:47:22","https://clientes.programando.li/ibero/chernobil/chernobil.pdf","inespas","7jjCqEKIEeyi7_-F92Fa8A","__world__",,"Together with radioactivity, ","Las especies de plantas que existen en Chernobil justamente demuestran la capacidad de interpretación y adaptación que llevan a cabo las plantas.","https://hyp.is/7jjCqEKIEeyi7_-F92Fa8A","https://clientes.programando.li/ibero/chernobil/chernobil.pdf#annotations:7jjCqEKIEeyi7_-F92Fa8A"
"0","2021-11-11T00:34:19","2021-11-11T00:47:00","https://clientes.programando.li/ibero/chernobil/chernobil.pdf","JimenaBalcazar","G50SyEKHEeyTdy8wipQzlg","__world__",,"Even assuming it is not an actual trace of radiation (which the specimens in the herbarium have received from the isotopes of cesium-137 and strontium-90 mixed with the soil of the exclusion zone) that comes through and shines forth from the plants’ con-tact with photosensitive paper, the resulting works of art cannot help but send us back to a space and time outside the frame, wherein this Linum usitatissimum germinated, grew, and blossomed.","¿Qué relación guarda la radiación con la huella que se queda en el papel fotosensible?, ¿Cómo puede la representación artística sacarnos de ella, liberarnos o empujarnos hacia otro momento, otro contexto, otro sitio?","https://hyp.is/G50SyEKHEeyTdy8wipQzlg","https://clientes.programando.li/ibero/chernobil/chernobil.pdf#annotations:G50SyEKHEeyTdy8wipQzlg"
"0","2021-11-11T00:46:05","2021-11-11T00:46:05","https://clientes.programando.li/ibero/chernobil/chernobil.pdf","inespas","wHU-WkKIEey2u9NtmARU4A","__world__",,"accustomed to thinking of plants as passive beings devoid of consciousness or as persisting in a state of torpor at best,","¿Podemos rastrear esta idea de las plantas como seres pasivos, sin capacidades como la comunicación y la interpretación?","https://hyp.is/wHU-WkKIEey2u9NtmARU4A","https://clientes.programando.li/ibero/chernobil/chernobil.pdf#annotations:wHU-WkKIEey2u9NtmARU4A"
"0","2021-11-11T00:43:18","2021-11-11T00:43:39","https://clientes.programando.li/ibero/chernobil/chernobil.pdf","inespas","XRsxDEKIEey2uTvnNrW7FQ","__world__",,"geranium","En general, los significado que atribuyen algunos seres humanos a los geranios son la felicidad, el bienestar, y la amistad. ¿Sería posible relacionar esta interpretación con la búsqueda del sol que lleva a cabo la planta?","https://hyp.is/XRsxDEKIEey2uTvnNrW7FQ","https://clientes.programando.li/ibero/chernobil/chernobil.pdf#annotations:XRsxDEKIEey2uTvnNrW7FQ"
"0","2021-11-11T00:43:09","2021-11-11T00:43:09","https://clientes.programando.li/ibero/chernobil/chernobil.pdf","juanp","V-7aqEKIEey-oTOfnpOmVA","__world__",,"a shibboleth for the irremediable dearth of understanding, ","Un desastre sin precedentes que demarca el límite de la interpretación que podemos hacer. La magnitud de lo que implica Chernobyl nos excede a tal punto que se vuelve casi imposible dar significado a lo ocurrido. ","https://hyp.is/V-7aqEKIEey-oTOfnpOmVA","https://clientes.programando.li/ibero/chernobil/chernobil.pdf#annotations:V-7aqEKIEey-oTOfnpOmVA"
"0","2021-11-11T00:41:14","2021-11-11T00:41:14","https://clientes.programando.li/ibero/chernobil/chernobil.pdf","SofiaVaca","E1I13kKIEeyJmD8sL9dw3w","__world__",,"the oikos, which we all inhabit and which inhabits us,","¿A cuál *oikos* le seremos fiel? ¿Será que nuestra sociedad será capaz de de poner primero el oikos de ecología? ","https://hyp.is/E1I13kKIEeyJmD8sL9dw3w","https://clientes.programando.li/ibero/chernobil/chernobil.pdf#annotations:E1I13kKIEeyJmD8sL9dw3w"
"0","2021-11-11T00:40:29","2021-11-11T00:40:29","https://clientes.programando.li/ibero/chernobil/chernobil.pdf","inespas","-EE1kkKHEeycnLv79guObw","__world__",," The human production of meaning","¿Dónde se posiciona la ""producción humana de significados"" en relación a los significados propios del medio ambiente? ","https://hyp.is/-EE1kkKHEeycnLv79guObw","https://clientes.programando.li/ibero/chernobil/chernobil.pdf#annotations:-EE1kkKHEeycnLv79guObw"
"0","2021-11-11T00:38:10","2021-11-11T00:38:10","https://clientes.programando.li/ibero/chernobil/chernobil.pdf","inespas","pVgGgEKHEey4u-tIqnh7Lg","__world__",," and so forth.","Podemos hablar de las relaciones que existen dentro del medio ambiente y pensar que la comunicación se da de muchas maneras que no tienen que ver con el lenguaje que conocemos.","https://hyp.is/pVgGgEKHEey4u-tIqnh7Lg","https://clientes.programando.li/ibero/chernobil/chernobil.pdf#annotations:pVgGgEKHEey4u-tIqnh7Lg"
"0","2021-11-11T00:36:26","2021-11-11T00:36:26","https://clientes.programando.li/ibero/chernobil/chernobil.pdf","inespas","Z0doDkKHEey7ek_H9n5qFg","__world__",,"lived vegetal interpretation of the environment:","¿Podríamos pensar a los procesos del medio ambiente propiamente como semiótica? ","https://hyp.is/Z0doDkKHEey7ek_H9n5qFg","https://clientes.programando.li/ibero/chernobil/chernobil.pdf#annotations:Z0doDkKHEey7ek_H9n5qFg"
"0","2021-11-11T00:33:47","2021-11-11T00:33:47","https://clientes.programando.li/ibero/chernobil/chernobil.pdf","JimenaBalcazar","CLw7hEKHEey7df-SGj7bLQ","__world__",,,"mmm","https://hyp.is/CLw7hEKHEey7df-SGj7bLQ","https://clientes.programando.li/ibero/chernobil/chernobil.pdf#annotations:CLw7hEKHEey7df-SGj7bLQ"
"0","2021-11-11T00:33:24","2021-11-11T00:33:24","https://clientes.programando.li/ibero/chernobil/chernobil.pdf","inespas","-yB9oEKGEeyXTtdNp4tsxQ","__world__",," burn, decorate and pay tributes with","En parte, la atribución de significados a seres no-humanos, en este caso plantas, crea una relación moralizante entre distintas formas de vida","https://hyp.is/-yB9oEKGEeyXTtdNp4tsxQ","https://clientes.programando.li/ibero/chernobil/chernobil.pdf#annotations:-yB9oEKGEeyXTtdNp4tsxQ"
"0","2021-11-11T00:25:06","2021-11-11T00:27:23","https://clientes.programando.li/ibero/chernobil/chernobil.pdf","juanp","0mkzEkKFEeyi_S_zGtIUOQ","__world__",,"they were denied access","Denegado o permitido Surge la cuestión del poder del estado y el cuidado que este ""debería"" emprender bajo la responsabilidad hacia la vida de las personas. ","https://hyp.is/0mkzEkKFEeyi_S_zGtIUOQ","https://clientes.programando.li/ibero/chernobil/chernobil.pdf#annotations:0mkzEkKFEeyi_S_zGtIUOQ"
"0","2020-11-19T05:59:29","2021-03-04T00:11:04","https://clientes.programando.li/ibero/chernobil/chernobil.pdf","Sahere205","YyI6SCosEeunkpOS47R92A","__world__",,"In a consumma-tion of the alienation or self-alienation that has unfortunately proved to be constitutive of the human, the whole world is on its way to becoming Chernobyl or a gulag. ","""Luego de múltiples intentos fallidos por asegurar un terreno, por la oposición de pobladores y autoridades locales, el gobierno mexicano efectuó una excavación en un paraje desértico del sur de Ciudad Juárez llamado ""La Pedrera"". Ahí fueron llevados tanto las varillas y otros materiales fabricados con hierro contaminado, como la camioneta de Sotelo Aldarín. Todo fue sepultado entre concreto para neutralizar su efecto nocivo."" https://www.bbc.com/mundo/noticias-54429012 #ChernobylMéxico #Cuerpoterritorio #Silencio ","https://hyp.is/YyI6SCosEeunkpOS47R92A","https://clientes.programando.li/ibero/chernobil/chernobil.pdf#annotations:YyI6SCosEeunkpOS47R92A"
"0","2020-10-10T16:36:44","2021-03-04T00:10:19","https://clientes.programando.li/ibero/chernobil/chernobil.pdf","Sahere205","yGhJ_gsWEeuZlHe9MCQJrA","__world__",,"Fragment 22Exclusion zones and states of exception","La política occidental se ha construido bajo las categorías de inclusión/exclusión y a partir de esto también se ha determinado lo que importa y lo que no, en palabras de Butler, las vidas que importan y las que no. En ese sentido el hecho de que las plantas, pero en particular, los quelites sean capaces de crecer en lugares olvidados o no determinados para su crecimiento (p.e. jardineras en la calle, árboles en edificio) nos permiten pensar en una lógica vegetal de la resistencia, es decir, una forma de vida que se adapta a circunstancias donde la vida, según la racionalidad occidental, no tendría lugar porque son zonas de exclusión. Esto puede verse en que los arboles y las plantas, también crecen en los rincones o áreas abandonadas de edificios y casas, en los que se ha decretado fácticamente como zonas inservibles o inhabitables. Este fenómeno pareciera contrastar con la lógica de la política occidental, porque ahí, en la zona decretada como exclusión, aparecen las plantas, el sustrato fundamental para otras formas de vida, incluyendo la humana. Lo anterior nos remite a categorías como estado de excepción de Carl Schmit donde parece que las plantas son aquellos seres a los que se les ha declarado el estado de excepción sin tregua hasta lograr casi su inminente extinción, sin embargo, con su persistencia, las plantas de Chernobil nos exponen su capacidad de quebrar el fundamento de la política occidental. #Nohumano #Vida #Naturaleza ","https://hyp.is/yGhJ_gsWEeuZlHe9MCQJrA","https://clientes.programando.li/ibero/chernobil/chernobil.pdf#annotations:yGhJ_gsWEeuZlHe9MCQJrA"
"0","2020-11-19T03:36:56","2021-03-04T00:05:28","https://clientes.programando.li/ibero/chernobil/chernobil.pdf","Sahere205","eQigDioYEeunHrvVSj1KMA","__world__",,"Chernobyl gave us a glimpse of its concrete (discernible and made of béton) out-lines.Encasement is entombment: together with radioactive waste, we are the ones on the inside of the Sarcophagus, even if it appears that we are outside. The Earth is turning into a collective grave, for the human and untold numbers of non-human species","""Sentimos zozobra, incertidumbre, impotencia por el riesgo en el que vivimos por ser vecinos del panteón nuclear; sentimos coraje por todos los que se han muerto de cáncer o tienen malformaciones congénitas, sobre todo en riñones"", https://archivo.eluniversal.com.mx/nacion-mexico/2013/impreso/la-vida-junto-alpanteon-nuclear-211506.html #ChernobylMéxico #Cuerpoterritorio #Vida","https://hyp.is/eQigDioYEeunHrvVSj1KMA","https://clientes.programando.li/ibero/chernobil/chernobil.pdf#annotations:eQigDioYEeunHrvVSj1KMA"
"0","2020-11-19T02:35:01","2021-03-04T00:03:45","https://clientes.programando.li/ibero/chernobil/chernobil.pdf","Sahere205","0qiwMCoPEeu44ddAk8ThRA","__world__",," I am referring here to the extractive-destructive attitude to the world, cast in terms of an energy container, its depths waiting to be breached, penetrated, and appropriated"," “El pueblo de Cerro de San Pedro se salvó del avance de la mina San Xavier, pero aún está amenazado por la ambición de las mineras de seguir explotando la tierra. Hay estudios que indican que debajo del pueblo hay una gran veta de minerales preciosos” https://www.ccmss.org.mx/minera-san-xavier-en-cerro-de-san-pedro-ilegalidad-despojo-y-destruccion-ambiental/ #Extractivismo #Ecocidio ","https://hyp.is/0qiwMCoPEeu44ddAk8ThRA","https://clientes.programando.li/ibero/chernobil/chernobil.pdf#annotations:0qiwMCoPEeu44ddAk8ThRA"
"0","2020-11-19T03:04:57","2021-03-03T23:47:06","https://clientes.programando.li/ibero/chernobil/chernobil.pdf","Sahere205","AUPpLioUEeumYR-J39FBmA","__world__",,"Radioactive fallout clouds from Chernobyl and the official information about the incident, the one a distorted mirror reflection of the other, have not reached us yet, and they will not do so for some days. But the event is afoot. It will catch up with us, before we have a chance to catch up with it, if at all. In the meantime, life will continue to wind through its “normal” course.","""Tras entrevistar al personal, la CNSNS se dio cuenta que la contaminación era más grande de lo que inicialmente habían pensado: el acero provenía de un depósito de chatarra en Ciudad Juárez, de nombre 'El Yonke Fénix'. De inmediato otro grupo partió hacia allá y ahí se encontraron picos de radiación todavía más pronunciados."" https://www.xataka.com.mx/investigacion/mexico-tuvo-su-chernobyl-historia-accidente-nuclear-que-miles-casas-fueron-construidas-varilla-radioactiva #ChernobylMéxico #Ecocidio","https://hyp.is/AUPpLioUEeumYR-J39FBmA","https://clientes.programando.li/ibero/chernobil/chernobil.pdf#annotations:AUPpLioUEeumYR-J39FBmA"
"0","2020-11-19T03:21:23","2021-03-03T23:46:04","https://clientes.programando.li/ibero/chernobil/chernobil.pdf","Sahere205","TPXfxCoWEeubFO8N9dHP7w","__world__",,"No one has any idea about what is going on eight hundred kilometers northwest. ","""Yo sabía que la gobernadora era muy buena para muchas enfermedades y mi viejo tenía úlceras desde entonces, así que pensé en hacerle un tecito, la hierba era muy olorosa, y hasta agarré poquita de la caja de metal pero a la hora de la hora no me animé, quién sabe por qué."" https://www.elsoldemexico.com.mx/mexico/sociedad/chernobyl-en-mexico-chihuahua-varillas-radioactivas-mayor-accidente-nuclear-en-america-3801472.html #ChernobylMéxico #Testimonio ","https://hyp.is/TPXfxCoWEeubFO8N9dHP7w","https://clientes.programando.li/ibero/chernobil/chernobil.pdf#annotations:TPXfxCoWEeubFO8N9dHP7w"
"0","2020-11-19T03:11:02","2021-03-03T23:45:52","https://clientes.programando.li/ibero/chernobil/chernobil.pdf","Sahere205","2qYVrCoUEeu4-ev1pjvrWg","__world__",,"It’s April 26, 1986","""El 26 de enero de 1984, el personal de la CNSNS detectó una camioneta abandonada que emitía niveles de radiación de hasta mil roentgens por hora, (lo suficiente para causar una dosis letal de radiación)."" https://intervission.com/la-terrible-anecdota-de-las-casas-radiactivas-en-mexico/ #ChernobylMéxico #Testimonio #Acontecimiento","https://hyp.is/2qYVrCoUEeu4-ev1pjvrWg","https://clientes.programando.li/ibero/chernobil/chernobil.pdf#annotations:2qYVrCoUEeu4-ev1pjvrWg"
"1","2021-11-11T02:04:41","2021-11-11T02:04:41","https://clientes.programando.li/ibero/chernobil/chernobil.pdf","Alan151297","u3OkaEKTEeyrTwuBzlEEeA","__world__",,,"Más sobre el *Chernóbil mexicano*: https://www.youtube.com/watch?v=XNg1PjR_0rU","https://hyp.is/u3OkaEKTEeyrTwuBzlEEeA","https://clientes.programando.li/ibero/chernobil/chernobil.pdf#annotations:u3OkaEKTEeyrTwuBzlEEeA"
"0","2020-12-12T03:01:39","2020-12-12T03:04:20","https://clientes.programando.li/ibero/chernobil/chernobil.pdf","carocuevascaro","Wr-s5DwmEeuxkcOa3GB94A","__world__",,"In obtaining energy, we break up and burn, reduce to basic components and extract, their valuable core from the objects of our needs and desires","""Dijeron que en la zona del centro del estado, en los municipios de Actopan y Alto Lucero, a escasos 3 kilómetros de la Central Nucleoeléctrica de Laguna Verde, una empresa candiense-mexicana pretende desarrollar un proyecto minero a cielo abierto para la explotación de un yacimiento de oro conocido como Caballo Blanco hoy denominado El Cobre y La Paila, cuya fase de exploración está por concluir. El área de influencia de esta mina es particularmente importante por su gran diversidad biológica y ecosistémica, su riqueza cultural y arqueológica así como su topografía de montañas, playas y planicies que son sustento de la economía de muchas comunidades campesinas."" https://www.diariodexalapa.com.mx/local/colocan-manta-en-catedral-de-xalapa-para-decir-no-a-la-mina-veracruz-actopan-5857673.html","https://hyp.is/Wr-s5DwmEeuxkcOa3GB94A","https://clientes.programando.li/ibero/chernobil/chernobil.pdf#annotations:Wr-s5DwmEeuxkcOa3GB94A"
"0","2020-12-12T03:02:58","2020-12-12T03:02:58","https://clientes.programando.li/ibero/chernobil/chernobil.pdf","carocuevascaro","iasQhDwmEeulJ3ceMSOiSQ","__world__",,"In obtaining energy, we break up and burn, reduce to basic components and extract, their valuable core from the objects of our needs and desires","""...en la zona del centro del estado, en los municipios de Actopan y Alto Lucero, a escasos 3 kilómetros de la Central Nucleoeléctrica de Laguna Verde, una empresa canadiense-mexicana pretende desarrollar un proyecto minero a cielo abierto para la explotación de un yacimiento de oro conocido como Caballo Blanco hoy denominado El Cobre y La Paila, cuya fase de exploración está por concluir. El área de influencia de esta mina es particularmente importante por su gran diversidad biológica y ecosistémica, su riqueza cultural y arqueológica así como su topografía de montañas, playas y planicies que son sustento de la economía de muchas comunidades campesinas."" ","https://hyp.is/iasQhDwmEeulJ3ceMSOiSQ","https://clientes.programando.li/ibero/chernobil/chernobil.pdf#annotations:iasQhDwmEeulJ3ceMSOiSQ"
"0","2020-12-12T02:57:55","2020-12-12T02:57:55","https://clientes.programando.li/ibero/chernobil/chernobil.pdf","carocuevascaro","1XFNXjwlEeuJpEsIuVj1zA","__world__",," the paradigm","""¿Qué es la herida y a quién exactamente le duele?"", decía Castillejo en el fragmento anterior. Esta pregunta amplifica la eco-sociabilidad expandida que plantea este libro. ¿A quién le duele la violencia extractiva?","https://hyp.is/1XFNXjwlEeuJpEsIuVj1zA","https://clientes.programando.li/ibero/chernobil/chernobil.pdf#annotations:1XFNXjwlEeuJpEsIuVj1zA"
"0","2020-12-12T02:54:50","2020-12-12T02:54:50","https://clientes.programando.li/ibero/chernobil/chernobil.pdf","carocuevascaro","ZsuCrDwlEeurDN-ZzlfWAA","__world__",,"Then why not delegate testimonial acts to liv-ing beings that do not speak,","Pensando en las violencias acumuladas que nos acontecen, y cómo han dinamitado también los marcos de inteligibilidad y ""nombrabilidad"" (es decir, si de algo es difícil hablar en México es del cúmulo de violencias), traigo las palabras de Castillejo Cuellar. ""¿Qué implica para una sociedad esa innombrabilidad? ¿En qué escalas podría verla? ¿Qué se derrumba, que se disgrega, qué communitas se fractura? Se rompen los órdenes de clasificación de la experiencia, el mapa con el que se recorre el tiempo y el espacio, y se rompe un sentido de unidad. Un mundo innombrable es un mundo colonizado por el terror, que se hace metastásico. Sin embargo, como la circuncisión, el dolor colectivo tiene una dimensión productiva. Creo que la sensación de vacío de muchos de mis colegas se debe a que no sabíamos cómo conectar dolor, con la idea de la nación y con la posibilidad de la narración. ¿Cómo se podría contar en pequeña y en gran escala, para el beneficio de nuestros hijos, lo que acontece en México (o en Colombia, o en Guatemala, o en el Salvador)? Por supuesto, me refiero a cómo hacer nombrable el dolor colectivo, ¿en qué registro, en qué escala, en qué lenguaje?. Que dice esa relación de un “nosotros”? ¿Qué es la herida y a quién exactamente le duele? ¿Dónde se localiza el dolor? ¿Qué quiere decir, si es que lo dicen, que a una “nación” le duelan sus desaparecidos, o que a la “patria” le duelen sus muertos?""","https://hyp.is/ZsuCrDwlEeurDN-ZzlfWAA","https://clientes.programando.li/ibero/chernobil/chernobil.pdf#annotations:ZsuCrDwlEeurDN-ZzlfWAA"
"0","2020-12-12T02:43:20","2020-12-12T02:43:20","https://clientes.programando.li/ibero/chernobil/chernobil.pdf","carocuevascaro","y7YBgDwjEeulCZ8gyuvYrw","__world__",," the birth of another consciousness.","""En el momento liminal de la cacofonía, de la babel, del desconcierto, hay una inermidad, y a la vez una intensidad subjetiva que te despoja del ego, de la autoridad, y que te permite reconocer tu ignorancia. Y ahí se abre una esclusa de memoria olvidada, reprimida, oprimida, que te da de pronto una luz en medio de todo."" Silvia Rivera Cusicanqui en Un mundo ch'ixi es posible. ","https://hyp.is/y7YBgDwjEeulCZ8gyuvYrw","https://clientes.programando.li/ibero/chernobil/chernobil.pdf#annotations:y7YBgDwjEeulCZ8gyuvYrw"
"0","2020-10-28T04:13:44","2020-10-28T04:17:36","https://clientes.programando.li/ibero/chernobil/chernobil.pdf","mayra_roffe","9-UnmhjTEeu_XSvItIB9XA","__world__",,"26Fragment 8Energ y nightmares","A mí me interesa trabajar en este fragmento. Quizas en términos de la dictomoía entre profundidad y superficie ","https://hyp.is/9-UnmhjTEeu_XSvItIB9XA","https://clientes.programando.li/ibero/chernobil/chernobil.pdf#annotations:9-UnmhjTEeu_XSvItIB9XA"
"0","2020-10-15T04:44:46","2020-10-15T04:44:46","https://clientes.programando.li/ibero/chernobil/chernobil.pdf","IlianaHernandez","JnznxA6hEeuFAu9Mg6c10w","__world__",," it the invisible enemy.","¿Cómo nombrar, en nuestra reescritura, al enemigo invisible, cómo detectarlo y resignificar su influencia para encaminarla a nuestro favor?","https://hyp.is/JnznxA6hEeuFAu9Mg6c10w","https://clientes.programando.li/ibero/chernobil/chernobil.pdf#annotations:JnznxA6hEeuFAu9Mg6c10w"
"0","2020-10-15T04:42:09","2020-10-15T04:42:09","https://clientes.programando.li/ibero/chernobil/chernobil.pdf","IlianaHernandez","ySa6qg6gEeuMposYQItGIA","__world__",,"plants and works of art.","Todo el espacio del Fragmento 30 se puede tachar y escribir un poema con números y lo que representan para cada una.","https://hyp.is/ySa6qg6gEeuMposYQItGIA","https://clientes.programando.li/ibero/chernobil/chernobil.pdf#annotations:ySa6qg6gEeuMposYQItGIA"
"0","2020-10-15T04:40:43","2020-10-15T04:40:43","https://clientes.programando.li/ibero/chernobil/chernobil.pdf","IlianaHernandez","la64RA6gEeuJuZ-4koHfbA","__world__",,"Whatever the reason, the number “30” presides over the time and the space of Chernobyl. It marks a grim anniversary, counts the years that had to pass for cesium-137 to release half o","Tachar y elegir números de hablantes de lenguas originarias mexicanas, el número de quelites perdidos (lo que sea que signifique el quelite para cada una o después de los acuerdos, los números de la pandemia, el número de días en el encierro)","https://hyp.is/la64RA6gEeuJuZ-4koHfbA","https://clientes.programando.li/ibero/chernobil/chernobil.pdf#annotations:la64RA6gEeuJuZ-4koHfbA"
"0","2020-10-15T04:36:45","2020-10-15T04:36:45","https://clientes.programando.li/ibero/chernobil/chernobil.pdf","IlianaHernandez","CB608g6gEeu7mA_Qa-ldOQ","__world__",,"regime of silence.","Tanto si nos referimos al quelite, a la pérdida de las lenguas originarias mexicanas o a la pandemia, sería interesante describir lo que esconden en su silencio, cómo se estructura o se puede descolocar un silencio que nos corroe?","https://hyp.is/CB608g6gEeu7mA_Qa-ldOQ","https://clientes.programando.li/ibero/chernobil/chernobil.pdf#annotations:CB608g6gEeu7mA_Qa-ldOQ"
"0","2020-10-15T04:34:45","2020-10-15T04:34:45","https://clientes.programando.li/ibero/chernobil/chernobil.pdf","IlianaHernandez","wDqDMg6fEeuP61ObcVNYbw","__world__",,"will be declared wordlessly, in the language of the atom. S","¿Qué es lo indescriptible, lo impronunciable de nuestra realidad?","https://hyp.is/wDqDMg6fEeuP61ObcVNYbw","https://clientes.programando.li/ibero/chernobil/chernobil.pdf#annotations:wDqDMg6fEeuP61ObcVNYbw"
"0","2020-10-14T23:03:58","2020-10-14T23:03:58","https://clientes.programando.li/ibero/chernobil/chernobil.pdf","IlianaHernandez","il79hA5xEeuHSkdDnQdw8A","__world__",,"irresponsible official response,","Siempre, a todos los niveles y áreas de nuestra categoría de ciudadanos. ¿Qué necesitamos hacer/comportar para que exista una respuesta oficial?","https://hyp.is/il79hA5xEeuHSkdDnQdw8A","https://clientes.programando.li/ibero/chernobil/chernobil.pdf#annotations:il79hA5xEeuHSkdDnQdw8A"
"0","2020-10-14T23:01:45","2020-10-14T23:01:45","https://clientes.programando.li/ibero/chernobil/chernobil.pdf","IlianaHernandez","Oxxa3A5xEeuyjFfuA870aA","__world__",,"state of exception","¿Cómo podemos describir el estado de excepción en nuestra reescritura?","https://hyp.is/Oxxa3A5xEeuyjFfuA870aA","https://clientes.programando.li/ibero/chernobil/chernobil.pdf#annotations:Oxxa3A5xEeuyjFfuA870aA"
"0","2020-10-14T23:00:14","2020-10-14T23:00:14","https://clientes.programando.li/ibero/chernobil/chernobil.pdf","IlianaHernandez","BXRZog5xEeuUuaeJpePxRA","__world__",,"exclusion zones ","Las zonas de exclusión también son las que permean nuestra conciencia: no nos damos cabal cuenta de lo que sucede.","https://hyp.is/BXRZog5xEeuUuaeJpePxRA","https://clientes.programando.li/ibero/chernobil/chernobil.pdf#annotations:BXRZog5xEeuUuaeJpePxRA"
"0","2020-10-14T22:58:01","2020-10-14T22:58:01","https://clientes.programando.li/ibero/chernobil/chernobil.pdf","IlianaHernandez","tghDzg5wEeujBxMfwzw4MA","__world__",,"self-alienation, ","Auto alienados, ¿Quiénes somos, de quién dependemos y a dónde vamos?. (Aprovecho el comentario para compartir un libro que recién me pasó una amiga historiadora, puede ser útil en este punto). https://mega.nz/file/votFFSCB#dirZo8-ONEOU4egaDAWzo2maTFyHemFX5iP6YuECdFI ","https://hyp.is/tghDzg5wEeujBxMfwzw4MA","https://clientes.programando.li/ibero/chernobil/chernobil.pdf#annotations:tghDzg5wEeujBxMfwzw4MA"
"0","2020-10-14T22:52:16","2020-10-14T22:52:16","https://clientes.programando.li/ibero/chernobil/chernobil.pdf","IlianaHernandez","6Cmf8g5vEeuf9cOtpa_gcw","__world__",," of constructing our identity out of ","¿Ha sido intencional o impuesta la construcción de nuestra identidad?","https://hyp.is/6Cmf8g5vEeuf9cOtpa_gcw","https://clientes.programando.li/ibero/chernobil/chernobil.pdf#annotations:6Cmf8g5vEeuf9cOtpa_gcw"
"0","2020-10-14T22:51:05","2020-10-14T22:51:05","https://clientes.programando.li/ibero/chernobil/chernobil.pdf","IlianaHernandez","vd5pig5vEeumXvtGZfxo8Q","__world__",,"We are the aliens. ","¿De qué manera somos extranjeros en nuestro territorio?, ¿Al no percibirlo o actuar por él?","https://hyp.is/vd5pig5vEeumXvtGZfxo8Q","https://clientes.programando.li/ibero/chernobil/chernobil.pdf#annotations:vd5pig5vEeumXvtGZfxo8Q"
"0","2020-10-14T22:49:21","2020-10-14T22:49:21","https://clientes.programando.li/ibero/chernobil/chernobil.pdf","IlianaHernandez","gDk_pg5vEeudqE9wGyLzfQ","__world__",,"Alienation zone","Sería interesante que apostemos en la reescritura por una zona alienada (definirla), así como la zona de exclusión (¿Quiénes la habitan?)","https://hyp.is/gDk_pg5vEeudqE9wGyLzfQ","https://clientes.programando.li/ibero/chernobil/chernobil.pdf#annotations:gDk_pg5vEeudqE9wGyLzfQ"
"1","2020-10-15T00:44:02","2020-10-15T00:44:02","https://clientes.programando.li/ibero/chernobil/chernobil.pdf","gmendez","hUglLg5_Eeun9n-9WzNLqQ","__world__",,,"Laguna Verde? Visita Grupo Reescritoras.","https://hyp.is/hUglLg5_Eeun9n-9WzNLqQ","https://clientes.programando.li/ibero/chernobil/chernobil.pdf#annotations:hUglLg5_Eeun9n-9WzNLqQ"
"0","2020-10-10T00:23:22","2020-10-10T00:23:22","https://clientes.programando.li/ibero/chernobil/chernobil.pdf","Yaremonia","zkoCjAqOEeubwqtBmTiBUw","__world__",," this thing that regards us..","Haciendo un puente entre mis dos fragmentos: Plantas como mártires/ seres humanos como víctimas... ¿qué pasa si lo invertimos? Plantas víctimas/humanos mártires o si sencillamente desechamos el victimismo de nuestras narraciones sobre todo lo que explotó en el Siglo","https://hyp.is/zkoCjAqOEeubwqtBmTiBUw","https://clientes.programando.li/ibero/chernobil/chernobil.pdf#annotations:zkoCjAqOEeubwqtBmTiBUw"
"1","2020-10-14T22:46:22","2020-10-14T22:46:22","https://clientes.programando.li/ibero/chernobil/chernobil.pdf","IlianaHernandez","FWryWg5vEeu9ZaNZDEJ4PA","__world__",,,"Creo que han de usarse ambos términos, es inevitable. Nada más pongámonos de acuerdo con los términos.","https://hyp.is/FWryWg5vEeu9ZaNZDEJ4PA","https://clientes.programando.li/ibero/chernobil/chernobil.pdf#annotations:FWryWg5vEeu9ZaNZDEJ4PA"
"0","2020-10-10T00:21:02","2020-10-10T00:21:02","https://clientes.programando.li/ibero/chernobil/chernobil.pdf","Yaremonia","evxKhgqOEeu72PvQbNixnQ","__world__",," reversing its course but powerless to change anything in reality.","Invertir el curso en el sueño, ¿es realmente impotencia? Quizá sea impotencia desde una posición de víctima asumida en el texto. ","https://hyp.is/evxKhgqOEeu72PvQbNixnQ","https://clientes.programando.li/ibero/chernobil/chernobil.pdf#annotations:evxKhgqOEeu72PvQbNixnQ"
"1","2020-10-14T22:43:51","2020-10-14T22:43:51","https://clientes.programando.li/ibero/chernobil/chernobil.pdf","IlianaHernandez","u1hnXA5uEeufl7M9AaxkYg","__world__",,,"Otro enfoque a cambiar en la reescritura.","https://hyp.is/u1hnXA5uEeufl7M9AaxkYg","https://clientes.programando.li/ibero/chernobil/chernobil.pdf#annotations:u1hnXA5uEeufl7M9AaxkYg"
"0","2020-10-10T00:19:29","2020-10-10T00:19:29","https://clientes.programando.li/ibero/chernobil/chernobil.pdf","Yaremonia","Qv6VOgqOEeuns_MruqDroA","__world__",," young victims of Soviet industrial-ism","El monumento, registro de la Historia Oficial, produce ""víctimas"", está bien, es Historia Oficial.. pero, ¿nuestra narrativa quiere producir víctimas del industrialismo? La víctima está vencida, el mártir no, aunque su cuerpo pueda ser violentado, resiste y se produce como testimonio silente e ineludible... de las consecuencias del modo de vida del Hombre Controlador del Universo","https://hyp.is/Qv6VOgqOEeuns_MruqDroA","https://clientes.programando.li/ibero/chernobil/chernobil.pdf#annotations:Qv6VOgqOEeuns_MruqDroA"
"1","2020-10-14T22:43:04","2020-10-14T22:43:04","https://clientes.programando.li/ibero/chernobil/chernobil.pdf","IlianaHernandez","nyd96A5uEeuRKu9iZ_z_RQ","__world__",,,"Ajá, parece que ser víctima es un estado inamovible.","https://hyp.is/nyd96A5uEeuRKu9iZ_z_RQ","https://clientes.programando.li/ibero/chernobil/chernobil.pdf#annotations:nyd96A5uEeuRKu9iZ_z_RQ"
"0","2020-10-10T00:15:34","2020-10-10T00:15:34","https://clientes.programando.li/ibero/chernobil/chernobil.pdf","Yaremonia","twKRbAqNEeu4vH-REHpXcQ","__world__",,"“To the victims of Chernobyl, 1986-1996.","Víctimas o mártires... También se puede intervenir el monumento. Una palabra que de otro sentido al acontecimiento histórico. El siglo XX-XXI ha abusado de la victimización desplazando al martirio, como testimonio. ¿La víctima puede ser testigo o está ya demasiado anulada para dar cuenta de lo que sea? ","https://hyp.is/twKRbAqNEeu4vH-REHpXcQ","https://clientes.programando.li/ibero/chernobil/chernobil.pdf#annotations:twKRbAqNEeu4vH-REHpXcQ"
"0","2020-10-10T00:12:45","2020-10-10T00:12:45","https://clientes.programando.li/ibero/chernobil/chernobil.pdf","Yaremonia","UmPvWAqNEeuxNTNgsmR_cA","__world__",," traces of the latter in the former—for instance, the radioactive ele-ments that have settled in the soil and a stone slab, ","""traces"" como huellas o residuos, creo que es una expresión muy suave para hablar de algo tan sólido, real y potente como los elementos radioactivos... ","https://hyp.is/UmPvWAqNEeuxNTNgsmR_cA","https://clientes.programando.li/ibero/chernobil/chernobil.pdf#annotations:UmPvWAqNEeuxNTNgsmR_cA"
"1","2020-10-14T22:41:52","2020-10-14T22:41:52","https://clientes.programando.li/ibero/chernobil/chernobil.pdf","IlianaHernandez","dG03yA5uEeuyhSNpwyJ_og","__world__",,,"De acuerdo contigo y pienso que en la reescritura habría que ser más definitivos.","https://hyp.is/dG03yA5uEeuyhSNpwyJ_og","https://clientes.programando.li/ibero/chernobil/chernobil.pdf#annotations:dG03yA5uEeuyhSNpwyJ_og"
"0","2020-10-10T00:09:47","2020-10-10T00:09:47","https://clientes.programando.li/ibero/chernobil/chernobil.pdf","Yaremonia","6IU7jAqMEeuXLvttVxG0DQ","__world__",,"more or less candidly, in a state of war with each other","¿mas o menos francamente? Lo percibo como un eufemismo para no hablar de la completa ausencia de una hegemonía mundial después de la segunda guerra mundial. ""Más o menos"" es conceder mucho al relato de que alguien ganó la guerra y hubo paz. ","https://hyp.is/6IU7jAqMEeuXLvttVxG0DQ","https://clientes.programando.li/ibero/chernobil/chernobil.pdf#annotations:6IU7jAqMEeuXLvttVxG0DQ"
"0","2020-10-09T23:49:47","2020-10-09T23:49:47","https://clientes.programando.li/ibero/chernobil/chernobil.pdf","Yaremonia","HV0IugqKEeu1ntsy-wKtwQ","__world__",,"nto a way of bearing witness","El bosque como mártir... pero ¿de qué? El martirio, ¿para qué o sobre qué? ¿Mártires de la energía atómica? ","https://hyp.is/HV0IugqKEeu1ntsy-wKtwQ","https://clientes.programando.li/ibero/chernobil/chernobil.pdf#annotations:HV0IugqKEeu1ntsy-wKtwQ"
"1","2020-10-14T22:39:38","2020-10-14T22:39:38","https://clientes.programando.li/ibero/chernobil/chernobil.pdf","IlianaHernandez","JI-v2A5uEeuDwBt2QmYlUA","__world__",,,"En esta parte, más que martirio, pienso en el ""bearing"" como el testigo designado, por su cuerpo ""cuenta"" los hechos (en su enfermedad, radioactividad evidente)","https://hyp.is/JI-v2A5uEeuDwBt2QmYlUA","https://clientes.programando.li/ibero/chernobil/chernobil.pdf#annotations:JI-v2A5uEeuDwBt2QmYlUA"
"0","2020-10-09T23:31:46","2020-10-09T23:31:46","https://clientes.programando.li/ibero/chernobil/chernobil.pdf","Yaremonia","mLUFfgqHEeuZmUdp3ARyOw","__world__",,"it is difficult to talk about Chernobyl","La dificultad es real o es mera ideología... ¿Qué trauma oculta la aparente imposibilidad de articular un discurso? La cortina de hierro cayó y el post-punk soviético está de moda en 2020, Molchat Doma fue el éxito del otoño pasado. La Guerra Fría está de moda, rezaba una pinta en la FFyL-UNAM. ","https://hyp.is/mLUFfgqHEeuZmUdp3ARyOw","https://clientes.programando.li/ibero/chernobil/chernobil.pdf#annotations:mLUFfgqHEeuZmUdp3ARyOw"
"0","2020-10-09T23:29:48","2020-10-09T23:29:48","https://clientes.programando.li/ibero/chernobil/chernobil.pdf","Yaremonia","UlR0rAqHEeung9ecYe9QLQ","__world__",,"without formulating them in speech","¿Y nuestras propias células animales? ¿No son también mártires silentes de sus propios actos pseudo conscientes?","https://hyp.is/UlR0rAqHEeung9ecYe9QLQ","https://clientes.programando.li/ibero/chernobil/chernobil.pdf#annotations:UlR0rAqHEeung9ecYe9QLQ"
"0","2020-10-09T23:28:32","2020-10-09T23:28:32","https://clientes.programando.li/ibero/chernobil/chernobil.pdf","Yaremonia","JV1kXgqHEeuRanMbv7OoIQ","__world__",,"another consciousness..","¿Otra conciencia o el sentido real de la conciencia? Tal vez la la conciencia del hombre controlador del universo no sea una conciencia consciente (autoconsciente).. ","https://hyp.is/JV1kXgqHEeuRanMbv7OoIQ","https://clientes.programando.li/ibero/chernobil/chernobil.pdf#annotations:JV1kXgqHEeuRanMbv7OoIQ"
"0","2020-10-09T23:24:15","2020-10-09T23:24:15","https://clientes.programando.li/ibero/chernobil/chernobil.pdf","Yaremonia","i-3AogqGEeuxEYvxWxq4bg","__world__",," certifying the death of consciousness","¿No es la escritura misma un acto de conciencia?, ¿qué realmente murió? Una ilusión, la ilusión de control, de la imaginación del ""hombre controlador del universo"" ","https://hyp.is/i-3AogqGEeuxEYvxWxq4bg","https://clientes.programando.li/ibero/chernobil/chernobil.pdf#annotations:i-3AogqGEeuxEYvxWxq4bg"
"1","2020-10-14T21:58:43","2020-10-14T21:58:43","https://clientes.programando.li/ibero/chernobil/chernobil.pdf","IlianaHernandez","bOJhvg5oEeuaI6_P5l2dVw","__world__",,,"¿O murió la ilusión de toda certidumbre? 'Estamos viviendo al día, recreando el pasado o construyendo una ilusión de certidumbre?","https://hyp.is/bOJhvg5oEeuaI6_P5l2dVw","https://clientes.programando.li/ibero/chernobil/chernobil.pdf#annotations:bOJhvg5oEeuaI6_P5l2dVw"
"2","2022-09-05T12:26:55","2022-09-05T12:28:48","https://clientes.programando.li/ibero/chernobil/chernobil.pdf","Janneke_Adema","ByrPQC0WEe2PdaMXFy_afA","__world__",,,"test https://simonxix.pubpub.org/pub/gdo5gppj/release/1?from=1171&to=1181","https://hyp.is/ByrPQC0WEe2PdaMXFy_afA","https://clientes.programando.li/ibero/chernobil/chernobil.pdf#annotations:ByrPQC0WEe2PdaMXFy_afA"
"0","2020-10-09T23:21:23","2020-10-09T23:21:23","https://clientes.programando.li/ibero/chernobil/chernobil.pdf","Yaremonia","JWLqBgqGEeuDd2d0O6vVQg","__world__",," material witnessing has been incorporated into us, becoming a part of the flesh","El testimonio como martirio es necesariamente material. Dar testimonio no es ""decir lo que pasó"", sino que incluso el silencio exprese que la historia ha acontecido. ","https://hyp.is/JWLqBgqGEeuDd2d0O6vVQg","https://clientes.programando.li/ibero/chernobil/chernobil.pdf#annotations:JWLqBgqGEeuDd2d0O6vVQg"
"1","2020-10-14T21:56:17","2020-10-14T21:56:17","https://clientes.programando.li/ibero/chernobil/chernobil.pdf","IlianaHernandez","FdRYPA5oEeuucV9oeke3Xw","__world__",,,"¿Nuestros cuerpos son también testimonios de ""lo que pasó""?","https://hyp.is/FdRYPA5oEeuucV9oeke3Xw","https://clientes.programando.li/ibero/chernobil/chernobil.pdf#annotations:FdRYPA5oEeuucV9oeke3Xw"
"0","2020-10-09T23:05:08","2020-10-09T23:05:08","https://clientes.programando.li/ibero/chernobil/chernobil.pdf","Yaremonia","4Fxj5AqDEeuJekMdL8mJ0w","__world__",,"control and aware ","¿control y conciencia como propias de la subjetividad?... podemos ser sujetos sin estar en control, de hecho el control siempre es una ficción, lo único real es la conciencia. ","https://hyp.is/4Fxj5AqDEeuJekMdL8mJ0w","https://clientes.programando.li/ibero/chernobil/chernobil.pdf#annotations:4Fxj5AqDEeuJekMdL8mJ0w"
"1","2020-10-14T21:55:02","2020-10-14T21:55:02","https://clientes.programando.li/ibero/chernobil/chernobil.pdf","IlianaHernandez","6cRgFg5nEeuSj2d7s_n1wA","__world__",,,"De acuerdo contigo, la reescritura tendrá que tomar esto en cuenta, sujetos con conciencia (de su vulnerabilidad y la de los otros).","https://hyp.is/6cRgFg5nEeuSj2d7s_n1wA","https://clientes.programando.li/ibero/chernobil/chernobil.pdf#annotations:6cRgFg5nEeuSj2d7s_n1wA"
"0","2020-10-09T23:02:50","2020-10-09T23:02:50","https://clientes.programando.li/ibero/chernobil/chernobil.pdf","Yaremonia","jjYGOAqDEeuBxGv2j15dwQ","__world__",,"effects","Efectos suena a consecuencia, yo pensaría más en afectos, como una causa que nos determina a ser otra cosa, enfermos radiados con cáncer, por ejemplo","https://hyp.is/jjYGOAqDEeuBxGv2j15dwQ","https://clientes.programando.li/ibero/chernobil/chernobil.pdf#annotations:jjYGOAqDEeuBxGv2j15dwQ"
"0","2020-10-09T22:47:46","2020-10-09T22:47:46","https://clientes.programando.li/ibero/chernobil/chernobil.pdf","Yaremonia","c2NDcgqBEeucs3vWK6ICoA","__world__",," imperceptibility. ","Imperceptible... o invisible para los ojos humanos. El trabajo del herbario es justamente hacer visible lo ineludiblemente perceptible. ","https://hyp.is/c2NDcgqBEeucs3vWK6ICoA","https://clientes.programando.li/ibero/chernobil/chernobil.pdf#annotations:c2NDcgqBEeucs3vWK6ICoA"
"1","2020-10-14T21:52:29","2020-10-14T21:52:29","https://clientes.programando.li/ibero/chernobil/chernobil.pdf","IlianaHernandez","jhi_vg5nEeu1nkeASXXmDQ","__world__",,,"De acuerdo con lo que estableces. Lo imperceptible es lo maravilloso o abrumador.","https://hyp.is/jhi_vg5nEeu1nkeASXXmDQ","https://clientes.programando.li/ibero/chernobil/chernobil.pdf#annotations:jhi_vg5nEeu1nkeASXXmDQ"
"0","2020-10-09T22:46:44","2020-10-09T22:46:44","https://clientes.programando.li/ibero/chernobil/chernobil.pdf","Yaremonia","Tjl4HgqBEeuLKFPjuZ-hRw","__world__",,"death-bearing","""portador de muerte""? Qué conveniencia tiene pensar desde la muerte y no desde la vida... ¿La radioactividad trae la muerte o trae consigo algo todavía más morboso: la enfermedad, la deformidad y el sufrimiento que sólo pueden ocurrir en el horizonte de la Vida? ","https://hyp.is/Tjl4HgqBEeuLKFPjuZ-hRw","https://clientes.programando.li/ibero/chernobil/chernobil.pdf#annotations:Tjl4HgqBEeuLKFPjuZ-hRw"
"1","2020-10-14T21:51:16","2020-10-14T21:51:16","https://clientes.programando.li/ibero/chernobil/chernobil.pdf","IlianaHernandez","Yv9XPg5nEeuub-NHVz1SzA","__world__",,,"¿Se podría pensar desde la muerte para trazar una cartografía hacia la vida?","https://hyp.is/Yv9XPg5nEeuub-NHVz1SzA","https://clientes.programando.li/ibero/chernobil/chernobil.pdf#annotations:Yv9XPg5nEeuub-NHVz1SzA"
"0","2020-10-09T22:44:45","2020-10-09T22:44:45","https://clientes.programando.li/ibero/chernobil/chernobil.pdf","Yaremonia","B2N9DgqBEeuxIeN8yMSE3A","__world__",," structure of witnessing","""estructura del testimonio"" ¿Testimonio pensado como un observador que puede dar fe de un hecho en un juicio en el espacio público liberal? o desde el horizonte del martirio en el que el cuerpo destruido/ torturado da fe de la realidad...","https://hyp.is/B2N9DgqBEeuxIeN8yMSE3A","https://clientes.programando.li/ibero/chernobil/chernobil.pdf#annotations:B2N9DgqBEeuxIeN8yMSE3A"
"1","2020-10-14T21:47:14","2020-10-14T21:47:14","https://clientes.programando.li/ibero/chernobil/chernobil.pdf","IlianaHernandez","0qDPTA5mEeuovvMnSF1YEw","__world__",,,"¿O la crónica del que escribe, despojado de juicios? Una mera exposición de hechos.","https://hyp.is/0qDPTA5mEeuovvMnSF1YEw","https://clientes.programando.li/ibero/chernobil/chernobil.pdf#annotations:0qDPTA5mEeuovvMnSF1YEw"
"0","2020-10-09T22:12:00","2020-10-09T22:12:00","https://clientes.programando.li/ibero/chernobil/chernobil.pdf","Yaremonia","dGAOXgp8Eeu0f5d8ldMWYQ","__world__",," witnessing","Testigo. Pensar la palabra y su relación con su equivalente greco-latino ""mártir"". El cuerpo torturado que da cuenta de una fe ","https://hyp.is/dGAOXgp8Eeu0f5d8ldMWYQ","https://clientes.programando.li/ibero/chernobil/chernobil.pdf#annotations:dGAOXgp8Eeu0f5d8ldMWYQ"
"1","2020-10-14T21:45:40","2020-10-14T21:45:40","https://clientes.programando.li/ibero/chernobil/chernobil.pdf","IlianaHernandez","mpJQ7g5mEeu7MpMzFoNOZQ","__world__",,,"Hola Yaremonia, también me parece adecuada la noción de testificar por medio de la escritura. Dar cuenta de lo extraordinario (bueno y malo) al escribir, hacer un inventario del horror.","https://hyp.is/mpJQ7g5mEeu7MpMzFoNOZQ","https://clientes.programando.li/ibero/chernobil/chernobil.pdf#annotations:mpJQ7g5mEeu7MpMzFoNOZQ"
